{
  "evaluated_at": "2026-06-05T14:11:58.267618",
  "model": "RF-DETR-Nano",
  "checkpoint": "models/rfdetr/checkpoint_best_ema.pth",
  "test_split": "data/rfdetr/test/_annotations.coco.json",
  "num_test_images": 402,
  "num_predictions": 120600,
  "mAP_50_95": 0.025457455012959856,
  "mAP_50": 0.054796726165512684,
  "mAP_75": 0.02263682306939668,
  "mAP_small": 0.10518408265234463,
  "mAP_medium": 0.026673622982761925,
  "mAP_large": 0.026605636949776558,
  "mAR_max1": 0.14744624003524434,
  "mAR_max10": 0.34766816109798987,
  "mAR_max100": 0.46971750853647054,
  "per_class_mAP_50_95": {
    "sunglass": 0.058137927480284665,
    "hat": 0.0003249999958232089,
    "jacket": 0.06209359965726671,
    "shirt": 0.002932704958707553,
    "pants": 0.01864789664761344,
    "shorts": 0.07505604426480424,
    "skirt": 0.030155351181189848,
    "dress": 0.0034406325532401506,
    "bag": 0.0037203503900183114,
    "shoe": 6.504300065043001e-05
  }
}