{
  "evaluated_at": "2026-06-05T14:16:33.228627",
  "model": "RF-DETR-Nano",
  "checkpoint": "models/rfdetr/checkpoint_best_ema.pth",
  "test_split": "data/rfdetr/test/_annotations.coco.json",
  "num_test_images": 402,
  "num_predictions": 120341,
  "mAP_50_95": 0.5722784649364797,
  "mAP_50": 0.8343031988227969,
  "mAP_75": 0.6345994329148188,
  "mAP_small": 0.22776552585638019,
  "mAP_medium": 0.37736205081544655,
  "mAP_large": 0.6356529176703637,
  "mAR_max1": 0.649199750885894,
  "mAR_max10": 0.7036862129111089,
  "mAR_max100": 0.7194399786757628,
  "per_class_mAP_50_95": {
    "sunglass": 0.14743254892761193,
    "hat": 0.5642705557425468,
    "jacket": 0.7051259645629802,
    "shirt": 0.6378421812880626,
    "pants": 0.7921330389712569,
    "shorts": 0.49961815986817937,
    "skirt": 0.6829858155365205,
    "dress": 0.7123997917207421,
    "bag": 0.49461945239543265,
    "shoe": 0.4863571403514632
  }
}